,recency_days,frequency_orders,monetary_value_gbp,average_order_value_gbp,active_span_days,units_purchased,distinct_products
recency_days,1.0,-0.5612409122095355,-0.5119546724500416,-0.17349081497886773,-0.5704951344344233,-0.5177508464630718,-0.4717705645257727
frequency_orders,-0.5612409122095355,1.0,0.858337861574004,0.2094369225488758,0.8825064841865977,0.8202136306388262,0.7237006979408361
monetary_value_gbp,-0.5119546724500416,0.858337861574004,1.0,0.6509345615170095,0.7629170679235502,0.9405840730451436,0.7678836442017334
average_order_value_gbp,-0.17349081497886773,0.2094369225488758,0.6509345615170095,1.0,0.20534577907845203,0.6021317820771983,0.41662840706385595
active_span_days,-0.5704951344344233,0.8825064841865977,0.7629170679235502,0.20534577907845203,1.0,0.7329338873674911,0.6612433422116266
units_purchased,-0.5177508464630718,0.8202136306388262,0.9405840730451436,0.6021317820771983,0.7329338873674911,1.0,0.7649343735385915
distinct_products,-0.4717705645257727,0.7237006979408361,0.7678836442017334,0.41662840706385595,0.6612433422116266,0.7649343735385915,1.0
