segment,customer_count,customer_share_pct,monetary_value_gbp,revenue_share_pct,average_monetary_value_gbp,average_order_value_gbp,median_recency_days,average_frequency_orders,units_purchased,average_distinct_products,segment_rule,recommended_action
Champions,1290,21.946240217761144,11830969.585,68.09267835488458,9171.294251937985,447.67606484268026,17.0,17.14651162790698,6950870,191.54496124031007,"R >= 4, F >= 4, M >= 4, and at least 2 completed orders.","Protect with early access, premium service, and referral invitations."
Loyal Customers,656,11.160258591357605,1861448.105,10.71349107758478,2837.573330792683,337.9147816567662,79.0,7.969512195121951,1151117,109.66463414634147,"R >= 3, F >= 4, M >= 3, and at least 2 completed orders.","Use loyalty rewards, replenishment reminders, and cross-sell offers."
Potential Loyalists,580,9.867301803334467,775456.971,4.463111981227874,1336.994777586207,517.6346929597702,24.0,2.8086206896551724,448447,63.80172413793103,"R >= 4, F between 2 and 3, M >= 2, and at least 2 completed orders.",Nurture with second-next-purchase offers and category recommendations.
New Customers,235,3.9979584892820688,79732.19,0.45889547168509137,339.285914893617,339.285914893617,30.0,1.0,50867,23.872340425531913,R >= 4 and exactly 1 completed order.,"Send onboarding, product education, and a timely second-order incentive."
Cannot Lose Them,223,3.793807417488942,982122.182,5.652565443910184,4404.13534529148,481.27939419617184,330.0,8.977578475336323,801149,113.87443946188341,"R <= 2, F >= 4, M >= 4, and at least 2 completed orders.",Prioritise personal reactivation and service recovery before discounting.
At Risk,846,14.392650561415447,939465.831,5.407058499820102,1110.4797056737589,501.172711349394,387.0,2.9160756501182035,589053,49.27186761229314,R <= 2 and either F >= 3 or M >= 3.,Trigger win-back journeys based on past categories and purchase timing.
Hibernating,1282,21.810139503232392,324429.031,1.8672384793278867,253.06476677067084,220.31933385335412,440.0,1.186427457098284,192015,19.273010920436818,"R <= 2, F <= 2, and M <= 2.",Use low-cost reactivation tests and suppress if engagement stays absent.
Need Attention,766,13.031643416127935,581180.373,3.3449606915594865,758.7211135770235,354.0360920572755,89.0,2.308093994778068,330434,37.20365535248042,All remaining customers after the ordered rules above.,Monitor behaviour and use light-touch merchandising or survey prompts.
