value_decile,customers,revenue_gbp,revenue_share_pct
1,588,11107134.776,63.926675688983345
2,588,2314638.245,13.321809036220213
3,588,1350581.162,7.773216556386933
4,587,876547.471,5.0449343628830325
5,588,609360.322,3.5071492754729188
6,588,429394.841,2.471365054689201
7,587,293895.87,1.691506076654238
8,588,202731.241,1.166811653662077
9,588,128252.67,0.73815317871643
10,588,62267.67,0.3583791163315796
